month_year,match_status,Police_district_Number,count
2018-06,Crime,1D,87
2018-06,Crime,2D,43
2018-06,Crime,3D,182
2018-06,Crime,4D,121
2018-06,Crime,5D,38
2018-06,Crime,6D,75
2018-06,Crime,TPPD,102
2018-06,Dispatch,1D,2795
2018-06,Dispatch,2D,2724
2018-06,Dispatch,3D,3363
2018-06,Dispatch,4D,3504
2018-06,Dispatch,5D,2398
2018-06,Dispatch,6D,3111
2018-06,Dispatch,OOC,1
2018-06,Dispatch,PCW,1
2018-06,Match,1D,298
2018-06,Match,2D,280
2018-06,Match,3D,338
2018-06,Match,4D,293
2018-06,Match,5D,171
2018-06,Match,6D,209
2018-07,Crime,1D,75
2018-07,Crime,2D,32
2018-07,Crime,3D,190
2018-07,Crime,4D,109
2018-07,Crime,5D,32
2018-07,Crime,6D,66
2018-07,Crime,TPPD,63
2018-07,Dispatch,1D,2845
2018-07,Dispatch,2D,2738
2018-07,Dispatch,3D,3437
2018-07,Dispatch,4D,3503
2018-07,Dispatch,5D,2419
2018-07,Dispatch,6D,2952
2018-07,Dispatch,OOC,4
2018-07,Dispatch,PCW,2
2018-07,Match,1D,320
2018-07,Match,2D,306
2018-07,Match,3D,338
2018-07,Match,4D,297
2018-07,Match,5D,155
2018-07,Match,6D,251
2018-08,Crime,1D,83
2018-08,Crime,2D,38
2018-08,Crime,3D,186
2018-08,Crime,4D,121
2018-08,Crime,5D,24
2018-08,Crime,6D,67
2018-08,Crime,TPPD,78
2018-08,Dispatch,1D,2783
2018-08,Dispatch,2D,2709
2018-08,Dispatch,3D,3258
2018-08,Dispatch,4D,3384
2018-08,Dispatch,5D,2286
2018-08,Dispatch,6D,2847
2018-08,Dispatch,OOC,1
2018-08,Match,1D,295
2018-08,Match,2D,315
2018-08,Match,3D,390
2018-08,Match,4D,314
2018-08,Match,5D,147
2018-08,Match,6D,253
2018-09,Crime,1D,61
2018-09,Crime,2D,47
2018-09,Crime,3D,150
2018-09,Crime,4D,105
2018-09,Crime,5D,28
2018-09,Crime,6D,64
2018-09,Crime,TPPD,61
2018-09,Dispatch,1D,2712
2018-09,Dispatch,2D,2481
2018-09,Dispatch,3D,3233
2018-09,Dispatch,4D,3317
2018-09,Dispatch,5D,2138
2018-09,Dispatch,6D,2720
2018-09,Dispatch,TRU,1
2018-09,Match,1D,298
2018-09,Match,2D,293
2018-09,Match,3D,349
2018-09,Match,4D,270
2018-09,Match,5D,159
2018-09,Match,6D,200
2018-09,Match,Unknown,1
2018-10,Crime,1D,62
2018-10,Crime,2D,34
2018-10,Crime,3D,151
2018-10,Crime,4D,115
2018-10,Crime,5D,37
2018-10,Crime,6D,70
2018-10,Crime,TPPD,79
2018-10,Crime,Unknown,1
2018-10,Dispatch,1D,2899
2018-10,Dispatch,2D,2712
2018-10,Dispatch,3D,3318
2018-10,Dispatch,4D,3416
2018-10,Dispatch,5D,2291
2018-10,Dispatch,6D,2894
2018-10,Match,1D,290
2018-10,Match,2D,279
2018-10,Match,3D,391
2018-10,Match,4D,272
2018-10,Match,5D,166
2018-10,Match,6D,213
2018-11,Crime,1D,57
2018-11,Crime,2D,30
2018-11,Crime,3D,135
2018-11,Crime,4D,122
2018-11,Crime,5D,26
2018-11,Crime,6D,57
2018-11,Crime,TPPD,70
2018-11,Dispatch,1D,2534
2018-11,Dispatch,2D,2560
2018-11,Dispatch,3D,3007
2018-11,Dispatch,4D,2932
2018-11,Dispatch,5D,2167
2018-11,Dispatch,6D,2634
2018-11,Dispatch,OOC,3
2018-11,Dispatch,TRU,1
2018-11,Match,1D,277
2018-11,Match,2D,326
2018-11,Match,3D,288
2018-11,Match,4D,248
2018-11,Match,5D,161
2018-11,Match,6D,226
2018-12,Crime,1D,57
2018-12,Crime,2D,34
2018-12,Crime,3D,153
2018-12,Crime,4D,99
2018-12,Crime,5D,37
2018-12,Crime,6D,47
2018-12,Crime,TPPD,74
2018-12,Crime,Unknown,2
2018-12,Dispatch,1D,2551
2018-12,Dispatch,2D,2419
2018-12,Dispatch,3D,3188
2018-12,Dispatch,4D,3146
2018-12,Dispatch,5D,2075
2018-12,Dispatch,6D,2691
2018-12,Dispatch,PCW,1
2018-12,Match,1D,326
2018-12,Match,2D,306
2018-12,Match,3D,321
2018-12,Match,4D,283
2018-12,Match,5D,150
2018-12,Match,6D,206
2018-12,Match,TPPD,1
2018-12,Match,Unknown,1
2019-01,Crime,1D,61
2019-01,Crime,2D,36
2019-01,Crime,3D,121
2019-01,Crime,4D,106
2019-01,Crime,5D,25
2019-01,Crime,6D,54
2019-01,Crime,TPPD,58
2019-01,Crime,Unknown,1
2019-01,Dispatch,1D,2439
2019-01,Dispatch,2D,2517
2019-01,Dispatch,3D,2984
2019-01,Dispatch,4D,3014
2019-01,Dispatch,5D,1997
2019-01,Dispatch,6D,2577
2019-01,Dispatch,OOC,4
2019-01,Match,1D,284
2019-01,Match,2D,285
2019-01,Match,3D,281
2019-01,Match,4D,246
2019-01,Match,5D,112
2019-01,Match,6D,191
2019-02,Crime,1D,61
2019-02,Crime,2D,28
2019-02,Crime,3D,121
2019-02,Crime,4D,101
2019-02,Crime,5D,28
2019-02,Crime,6D,36
2019-02,Crime,TPPD,55
2019-02,Dispatch,1D,2364
2019-02,Dispatch,2D,2126
2019-02,Dispatch,3D,2673
2019-02,Dispatch,4D,2679
2019-02,Dispatch,5D,1824
2019-02,Dispatch,6D,2429
2019-02,Dispatch,OOC,2
2019-02,Match,1D,267
2019-02,Match,2D,217
2019-02,Match,3D,297
2019-02,Match,4D,211
2019-02,Match,5D,98
2019-02,Match,6D,188
2019-03,Crime,1D,59
2019-03,Crime,2D,37
2019-03,Crime,3D,148
2019-03,Crime,4D,127
2019-03,Crime,5D,39
2019-03,Crime,6D,65
2019-03,Crime,TPPD,65
2019-03,Crime,Unknown,2
2019-03,Dispatch,1D,2578
2019-03,Dispatch,2D,2357
2019-03,Dispatch,3D,2914
2019-03,Dispatch,4D,3062
2019-03,Dispatch,5D,2082
2019-03,Dispatch,6D,2646
2019-03,Match,1D,278
2019-03,Match,2D,287
2019-03,Match,3D,328
2019-03,Match,4D,233
2019-03,Match,5D,113
2019-03,Match,6D,205
2019-03,Match,Unknown,2
2019-04,Crime,1D,48
2019-04,Crime,2D,40
2019-04,Crime,3D,181
2019-04,Crime,4D,94
2019-04,Crime,5D,24
2019-04,Crime,6D,62
2019-04,Crime,TPPD,72
2019-04,Dispatch,1D,2594
2019-04,Dispatch,2D,2477
2019-04,Dispatch,3D,3036
2019-04,Dispatch,4D,3110
2019-04,Dispatch,5D,2201
2019-04,Dispatch,6D,2875
2019-04,Dispatch,OOC,2
2019-04,Match,1D,267
2019-04,Match,2D,296
2019-04,Match,3D,313
2019-04,Match,4D,258
2019-04,Match,5D,110
2019-04,Match,6D,191
2019-05,Crime,1D,53
2019-05,Crime,2D,37
2019-05,Crime,3D,189
2019-05,Crime,4D,80
2019-05,Crime,5D,32
2019-05,Crime,6D,53
2019-05,Crime,TPPD,81
2019-05,Crime,Unknown,1
2019-05,Dispatch,1D,2913
2019-05,Dispatch,2D,2709
2019-05,Dispatch,3D,3465
2019-05,Dispatch,4D,3312
2019-05,Dispatch,5D,2373
2019-05,Dispatch,6D,3122
2019-05,Dispatch,OOC,1
2019-05,Match,1D,285
2019-05,Match,2D,235
2019-05,Match,3D,370
2019-05,Match,4D,264
2019-05,Match,5D,108
2019-05,Match,6D,227
2019-06,Crime,1D,59
2019-06,Crime,2D,25
2019-06,Crime,3D,135
2019-06,Crime,4D,62
2019-06,Crime,5D,33
2019-06,Crime,6D,49
2019-06,Crime,TPPD,63
2019-06,Crime,Unknown,2
2019-06,Dispatch,1D,2651
2019-06,Dispatch,2D,2602
2019-06,Dispatch,3D,3174
2019-06,Dispatch,4D,3244
2019-06,Dispatch,5D,2157
2019-06,Dispatch,6D,2875
2019-06,Dispatch,OOC,2
2019-06,Match,1D,283
2019-06,Match,2D,231
2019-06,Match,3D,333
2019-06,Match,4D,262
2019-06,Match,5D,106
2019-06,Match,6D,215
2019-07,Crime,1D,55
2019-07,Crime,2D,20
2019-07,Crime,3D,151
2019-07,Crime,4D,70
2019-07,Crime,5D,28
2019-07,Crime,6D,60
2019-07,Crime,TPPD,60
2019-07,Dispatch,1D,2818
2019-07,Dispatch,2D,2646
2019-07,Dispatch,3D,3373
2019-07,Dispatch,4D,3255
2019-07,Dispatch,5D,2195
2019-07,Dispatch,6D,2851
2019-07,Match,1D,327
2019-07,Match,2D,257
2019-07,Match,3D,367
2019-07,Match,4D,328
2019-07,Match,5D,132
2019-07,Match,6D,205
2019-07,Match,Unknown,4
2019-08,Crime,1D,44
2019-08,Crime,2D,32
2019-08,Crime,3D,155
2019-08,Crime,4D,83
2019-08,Crime,5D,20
2019-08,Crime,6D,45
2019-08,Crime,TPPD,90
2019-08,Crime,Unknown,4
2019-08,Dispatch,1D,2700
2019-08,Dispatch,2D,2522
2019-08,Dispatch,3D,3226
2019-08,Dispatch,4D,3148
2019-08,Dispatch,5D,2042
2019-08,Dispatch,6D,2842
2019-08,Match,1D,340
2019-08,Match,2D,266
2019-08,Match,3D,300
2019-08,Match,4D,305
2019-08,Match,5D,125
2019-08,Match,6D,260
2019-08,Match,Unknown,2
2019-09,Crime,1D,56
2019-09,Crime,2D,17
2019-09,Crime,3D,111
2019-09,Crime,4D,103
2019-09,Crime,5D,24
2019-09,Crime,6D,46
2019-09,Crime,TPPD,67
2019-09,Dispatch,1D,2590
2019-09,Dispatch,2D,2457
2019-09,Dispatch,3D,3093
2019-09,Dispatch,4D,3194
2019-09,Dispatch,5D,1995
2019-09,Dispatch,6D,2670
2019-09,Match,1D,253
2019-09,Match,2D,263
2019-09,Match,3D,287
2019-09,Match,4D,307
2019-09,Match,5D,106
2019-09,Match,6D,243
2019-09,Match,TPPD,1
2019-10,Crime,1D,65
2019-10,Crime,2D,25
2019-10,Crime,3D,118
2019-10,Crime,4D,93
2019-10,Crime,5D,23
2019-10,Crime,6D,46
2019-10,Crime,TPPD,88
2019-10,Dispatch,1D,2679
2019-10,Dispatch,2D,2563
2019-10,Dispatch,3D,3150
2019-10,Dispatch,4D,3303
2019-10,Dispatch,5D,2068
2019-10,Dispatch,6D,2868
2019-10,Dispatch,OOC,1
2019-10,Match,1D,261
2019-10,Match,2D,269
2019-10,Match,3D,365
2019-10,Match,4D,326
2019-10,Match,5D,90
2019-10,Match,6D,221
2019-10,Match,Unknown,4
2019-11,Crime,1D,75
2019-11,Crime,2D,73
2019-11,Crime,3D,101
2019-11,Crime,4D,97
2019-11,Crime,5D,21
2019-11,Crime,6D,48
2019-11,Crime,TPPD,73
2019-11,Dispatch,1D,2589
2019-11,Dispatch,2D,2409
2019-11,Dispatch,3D,2977
2019-11,Dispatch,4D,3005
2019-11,Dispatch,5D,1964
2019-11,Dispatch,6D,2579
2019-11,Dispatch,OOC,5
2019-11,Match,1D,271
2019-11,Match,2D,270
2019-11,Match,3D,319
2019-11,Match,4D,344
2019-11,Match,5D,115
2019-11,Match,6D,219
2019-12,Crime,1D,46
2019-12,Crime,2D,44
2019-12,Crime,3D,122
2019-12,Crime,4D,88
2019-12,Crime,5D,20
2019-12,Crime,6D,41
2019-12,Crime,TPPD,65
2019-12,Dispatch,1D,2376
2019-12,Dispatch,2D,2440
2019-12,Dispatch,3D,3097
2019-12,Dispatch,4D,3020
2019-12,Dispatch,5D,1927
2019-12,Dispatch,6D,2709
2019-12,Dispatch,OOC,2
2019-12,Dispatch,TRU,1
2019-12,Match,1D,289
2019-12,Match,2D,291
2019-12,Match,3D,348
2019-12,Match,4D,321
2019-12,Match,5D,123
2019-12,Match,6D,165
2020-01,Crime,1D,72
2020-01,Crime,2D,31
2020-01,Crime,3D,130
2020-01,Crime,4D,104
2020-01,Crime,5D,25
2020-01,Crime,6D,32
2020-01,Crime,TPPD,92
2020-01,Crime,Unknown,1
2020-01,Dispatch,1D,2385
2020-01,Dispatch,2D,2141
2020-01,Dispatch,3D,3150
2020-01,Dispatch,4D,2805
2020-01,Dispatch,5D,1880
2020-01,Dispatch,6D,2575
2020-01,Match,1D,271
2020-01,Match,2D,275
2020-01,Match,3D,327
2020-01,Match,4D,358
2020-01,Match,5D,105
2020-01,Match,6D,186
2020-01,Match,TPPD,1
2020-01,Match,Unknown,1
2020-02,Crime,1D,54
2020-02,Crime,2D,33
2020-02,Crime,3D,90
2020-02,Crime,4D,123
2020-02,Crime,5D,23
2020-02,Crime,6D,37
2020-02,Crime,TPPD,77
2020-02,Dispatch,1D,2212
2020-02,Dispatch,2D,2154
2020-02,Dispatch,3D,2850
2020-02,Dispatch,4D,2704
2020-02,Dispatch,5D,1759
2020-02,Dispatch,6D,2403
2020-02,Dispatch,OOC,1
2020-02,Dispatch,TRU,1
2020-02,Match,1D,249
2020-02,Match,2D,251
2020-02,Match,3D,295
2020-02,Match,4D,274
2020-02,Match,5D,118
2020-02,Match,6D,198
2020-03,Crime,1D,39
2020-03,Crime,2D,22
2020-03,Crime,3D,83
2020-03,Crime,4D,81
2020-03,Crime,5D,20
2020-03,Crime,6D,29
2020-03,Crime,TPPD,77
2020-03,Crime,Unknown,1
2020-03,Dispatch,1D,2256
2020-03,Dispatch,2D,1869
2020-03,Dispatch,3D,2771
2020-03,Dispatch,4D,2839
2020-03,Dispatch,5D,1906
2020-03,Dispatch,6D,2597
2020-03,Match,1D,264
2020-03,Match,2D,210
2020-03,Match,3D,329
2020-03,Match,4D,363
2020-03,Match,5D,129
2020-03,Match,6D,198
2020-03,Match,Unknown,14
2020-04,Crime,1D,17
2020-04,Crime,2D,6
2020-04,Crime,3D,33
2020-04,Crime,4D,26
2020-04,Crime,5D,7
2020-04,Crime,6D,16
2020-04,Crime,TPPD,61
2020-04,Dispatch,1D,1854
2020-04,Dispatch,2D,1609
2020-04,Dispatch,3D,2379
2020-04,Dispatch,4D,2429
2020-04,Dispatch,5D,1605
2020-04,Dispatch,6D,2219
2020-04,Dispatch,OOC,1
2020-04,Dispatch,TRU,13
2020-04,Match,1D,173
2020-04,Match,2D,203
2020-04,Match,3D,305
2020-04,Match,4D,240
2020-04,Match,5D,132
2020-04,Match,6D,175
2020-04,Match,Unknown,1
2020-05,Crime,1D,34
2020-05,Crime,2D,16
2020-05,Crime,3D,44
2020-05,Crime,4D,41
2020-05,Crime,5D,6
2020-05,Crime,6D,26
2020-05,Crime,TPPD,69
2020-05,Crime,Unknown,1
2020-05,Dispatch,1D,2159
2020-05,Dispatch,2D,1979
2020-05,Dispatch,3D,2637
2020-05,Dispatch,4D,2846
2020-05,Dispatch,5D,1927
2020-05,Dispatch,6D,2370
2020-05,Dispatch,TRU,2
2020-05,Match,1D,291
2020-05,Match,2D,283
2020-05,Match,3D,310
2020-05,Match,4D,313
2020-05,Match,5D,131
2020-05,Match,6D,151
2020-06,Crime,1D,34
2020-06,Crime,2D,16
2020-06,Crime,3D,58
2020-06,Crime,4D,29
2020-06,Crime,5D,7
2020-06,Crime,6D,23
2020-06,Crime,TPPD,63
2020-06,Dispatch,1D,2235
2020-06,Dispatch,2D,1983
2020-06,Dispatch,3D,2680
2020-06,Dispatch,4D,2690
2020-06,Dispatch,5D,1882
2020-06,Dispatch,6D,2501
2020-06,Dispatch,OOC,2
2020-06,Dispatch,PCW,1
2020-06,Dispatch,TRU,2
2020-06,Match,1D,268
2020-06,Match,2D,315
2020-06,Match,3D,294
2020-06,Match,4D,249
2020-06,Match,5D,157
2020-06,Match,6D,241
2020-06,Match,TPPD,1
2020-06,Match,Unknown,1
2020-07,Crime,1D,47
2020-07,Crime,2D,21
2020-07,Crime,3D,36
2020-07,Crime,4D,23
2020-07,Crime,5D,7
2020-07,Crime,6D,19
2020-07,Crime,TPPD,52
2020-07,Dispatch,1D,2286
2020-07,Dispatch,2D,2130
2020-07,Dispatch,3D,2832
2020-07,Dispatch,4D,2935
2020-07,Dispatch,5D,2078
2020-07,Dispatch,6D,2631
2020-07,Match,1D,284
2020-07,Match,2D,366
2020-07,Match,3D,377
2020-07,Match,4D,312
2020-07,Match,5D,204
2020-07,Match,6D,231
2020-07,Match,Unknown,2
2020-08,Crime,1D,45
2020-08,Crime,2D,15
2020-08,Crime,3D,61
2020-08,Crime,4D,17
2020-08,Crime,5D,18
2020-08,Crime,6D,21
2020-08,Crime,TPPD,63
2020-08,Crime,Unknown,1
2020-08,Dispatch,1D,2229
2020-08,Dispatch,2D,2137
2020-08,Dispatch,3D,2734
2020-08,Dispatch,4D,2880
2020-08,Dispatch,5D,2050
2020-08,Dispatch,6D,2593
2020-08,Match,1D,270
2020-08,Match,2D,320
2020-08,Match,3D,308
2020-08,Match,4D,329
2020-08,Match,5D,157
2020-08,Match,6D,304
2020-08,Match,Unknown,4
2020-09,Crime,1D,42
2020-09,Crime,2D,21
2020-09,Crime,3D,41
2020-09,Crime,4D,29
2020-09,Crime,5D,12
2020-09,Crime,6D,48
2020-09,Crime,TPPD,59
2020-09,Crime,Unknown,1
2020-09,Dispatch,1D,2185
2020-09,Dispatch,2D,2018
2020-09,Dispatch,3D,2577
2020-09,Dispatch,4D,2789
2020-09,Dispatch,5D,1992
2020-09,Dispatch,6D,2472
2020-09,Dispatch,TRU,1
2020-09,Match,1D,280
2020-09,Match,2D,347
2020-09,Match,3D,330
2020-09,Match,4D,340
2020-09,Match,5D,144
2020-09,Match,6D,252
2020-09,Match,Unknown,2
2020-10,Crime,1D,35
2020-10,Crime,2D,13
2020-10,Crime,3D,34
2020-10,Crime,4D,33
2020-10,Crime,5D,11
2020-10,Crime,6D,28
2020-10,Crime,TPPD,40
2020-10,Dispatch,1D,2389
2020-10,Dispatch,2D,1965
2020-10,Dispatch,3D,2709
2020-10,Dispatch,4D,2798
2020-10,Dispatch,5D,1968
2020-10,Dispatch,6D,2460
2020-10,Dispatch,TRU,5
2020-10,Match,1D,251
2020-10,Match,2D,318
2020-10,Match,3D,344
2020-10,Match,4D,314
2020-10,Match,5D,154
2020-10,Match,6D,224
2020-11,Crime,1D,21
2020-11,Crime,2D,13
2020-11,Crime,3D,29
2020-11,Crime,4D,17
2020-11,Crime,5D,12
2020-11,Crime,6D,24
2020-11,Crime,TPPD,39
2020-11,Dispatch,1D,2176
2020-11,Dispatch,2D,1934
2020-11,Dispatch,3D,2709
2020-11,Dispatch,4D,2571
2020-11,Dispatch,5D,1920
2020-11,Dispatch,6D,2430
2020-11,Dispatch,TRU,6
2020-11,Match,1D,257
2020-11,Match,2D,273
2020-11,Match,3D,312
2020-11,Match,4D,305
2020-11,Match,5D,170
2020-11,Match,6D,277
2020-11,Match,Unknown,1
2020-12,Crime,1D,27
2020-12,Crime,2D,12
2020-12,Crime,3D,26
2020-12,Crime,4D,27
2020-12,Crime,5D,18
2020-12,Crime,6D,23
2020-12,Crime,TPPD,39
2020-12,Dispatch,1D,1932
2020-12,Dispatch,2D,1983
2020-12,Dispatch,3D,2638
2020-12,Dispatch,4D,2484
2020-12,Dispatch,5D,1806
2020-12,Dispatch,6D,2328
2020-12,Dispatch,OOC,1
2020-12,Match,1D,266
2020-12,Match,2D,321
2020-12,Match,3D,323
2020-12,Match,4D,266
2020-12,Match,5D,148
2020-12,Match,6D,221
2020-12,Match,Unknown,1
2021-01,Crime,1D,29
2021-01,Crime,2D,13
2021-01,Crime,3D,33
2021-01,Crime,4D,27
2021-01,Crime,5D,6
2021-01,Crime,6D,17
2021-01,Crime,TPPD,50
2021-01,Dispatch,1D,1912
2021-01,Dispatch,2D,1786
2021-01,Dispatch,3D,2587
2021-01,Dispatch,4D,2176
2021-01,Dispatch,5D,1796
2021-01,Dispatch,6D,2203
2021-01,Match,1D,224
2021-01,Match,2D,279
2021-01,Match,3D,262
2021-01,Match,4D,240
2021-01,Match,5D,134
2021-01,Match,6D,214
2021-02,Crime,1D,31
2021-02,Crime,2D,9
2021-02,Crime,3D,25
2021-02,Crime,4D,19
2021-02,Crime,5D,8
2021-02,Crime,6D,22
2021-02,Crime,TPPD,55
2021-02,Dispatch,1D,1714
2021-02,Dispatch,2D,1558
2021-02,Dispatch,3D,2217
2021-02,Dispatch,4D,2097
2021-02,Dispatch,5D,1495
2021-02,Dispatch,6D,1968
2021-02,Match,1D,201
2021-02,Match,2D,209
2021-02,Match,3D,203
2021-02,Match,4D,187
2021-02,Match,5D,109
2021-02,Match,6D,179
2021-02,Match,TPPD,1
2021-02,Match,Unknown,1
2021-03,Crime,1D,23
2021-03,Crime,2D,9
2021-03,Crime,3D,37
2021-03,Crime,4D,24
2021-03,Crime,5D,10
2021-03,Crime,6D,14
2021-03,Crime,TPPD,56
2021-03,Dispatch,1D,2210
2021-03,Dispatch,2D,2052
2021-03,Dispatch,3D,2677
2021-03,Dispatch,4D,2630
2021-03,Dispatch,5D,1837
2021-03,Dispatch,6D,2427
2021-03,Dispatch,OOC,2
2021-03,Match,1D,232
2021-03,Match,2D,254
2021-03,Match,3D,292
2021-03,Match,4D,220
2021-03,Match,5D,124
2021-03,Match,6D,176
2021-04,Crime,1D,26
2021-04,Crime,2D,12
2021-04,Crime,3D,30
2021-04,Crime,4D,20
2021-04,Crime,5D,14
2021-04,Crime,6D,22
2021-04,Crime,TPPD,58
2021-04,Dispatch,1D,2161
2021-04,Dispatch,2D,1967
2021-04,Dispatch,3D,2644
2021-04,Dispatch,4D,2520
2021-04,Dispatch,5D,1815
2021-04,Dispatch,6D,2345
2021-04,Match,1D,194
2021-04,Match,2D,258
2021-04,Match,3D,244
2021-04,Match,4D,240
2021-04,Match,5D,147
2021-04,Match,6D,194
2021-04,Match,Unknown,1
2021-05,Crime,1D,18
2021-05,Crime,2D,17
2021-05,Crime,3D,24
2021-05,Crime,4D,25
2021-05,Crime,5D,14
2021-05,Crime,6D,24
2021-05,Crime,TPPD,53
2021-05,Dispatch,1D,2317
2021-05,Dispatch,2D,2111
2021-05,Dispatch,3D,2736
2021-05,Dispatch,4D,2874
2021-05,Dispatch,5D,1951
2021-05,Dispatch,6D,2707
2021-05,Dispatch,OOC,2
2021-05,Dispatch,PCW,1
2021-05,Match,1D,273
2021-05,Match,2D,308
2021-05,Match,3D,281
2021-05,Match,4D,270
2021-05,Match,5D,156
2021-05,Match,6D,200
2021-05,Match,Unknown,1
2021-06,Crime,1D,30
2021-06,Crime,2D,17
2021-06,Crime,3D,42
2021-06,Crime,4D,33
2021-06,Crime,5D,9
2021-06,Crime,6D,18
2021-06,Crime,TPPD,55
2021-06,Dispatch,1D,2402
2021-06,Dispatch,2D,2319
2021-06,Dispatch,3D,2915
2021-06,Dispatch,4D,2824
2021-06,Dispatch,5D,2064
2021-06,Dispatch,6D,2560
2021-06,Dispatch,OOC,1
2021-06,Match,1D,251
2021-06,Match,2D,320
2021-06,Match,3D,290
2021-06,Match,4D,286
2021-06,Match,5D,142
2021-06,Match,6D,193
2021-06,Match,Unknown,2
2021-07,Crime,1D,35
2021-07,Crime,2D,21
2021-07,Crime,3D,37
2021-07,Crime,4D,45
2021-07,Crime,5D,29
2021-07,Crime,6D,33
2021-07,Crime,TPPD,50
2021-07,Dispatch,1D,2462
2021-07,Dispatch,2D,2329
2021-07,Dispatch,3D,3024
2021-07,Dispatch,4D,2948
2021-07,Dispatch,5D,2079
2021-07,Dispatch,6D,2614
2021-07,Match,1D,278
2021-07,Match,2D,329
2021-07,Match,3D,298
2021-07,Match,4D,306
2021-07,Match,5D,162
2021-07,Match,6D,186
2021-07,Match,Unknown,3
2021-08,Crime,1D,42
2021-08,Crime,2D,29
2021-08,Crime,3D,41
2021-08,Crime,4D,28
2021-08,Crime,5D,21
2021-08,Crime,6D,20
2021-08,Crime,TPPD,48
2021-08,Crime,Unknown,1
2021-08,Dispatch,1D,2374
2021-08,Dispatch,2D,2401
2021-08,Dispatch,3D,2879
2021-08,Dispatch,4D,2836
2021-08,Dispatch,5D,1961
2021-08,Dispatch,6D,2530
2021-08,Match,1D,280
2021-08,Match,2D,265
2021-08,Match,3D,306
2021-08,Match,4D,254
2021-08,Match,5D,154
2021-08,Match,6D,216
2021-09,Crime,1D,29
2021-09,Crime,2D,20
2021-09,Crime,3D,31
2021-09,Crime,4D,24
2021-09,Crime,5D,18
2021-09,Crime,6D,28
2021-09,Crime,TPPD,44
2021-09,Crime,Unknown,1
2021-09,Dispatch,1D,2412
2021-09,Dispatch,2D,2312
2021-09,Dispatch,3D,2992
2021-09,Dispatch,4D,2891
2021-09,Dispatch,5D,1896
2021-09,Dispatch,6D,2504
2021-09,Dispatch,OOC,1
2021-09,Match,1D,270
2021-09,Match,2D,301
2021-09,Match,3D,327
2021-09,Match,4D,278
2021-09,Match,5D,157
2021-09,Match,6D,195
2021-10,Crime,1D,47
2021-10,Crime,2D,10
2021-10,Crime,3D,44
2021-10,Crime,4D,21
2021-10,Crime,5D,21
2021-10,Crime,6D,28
2021-10,Crime,TPPD,65
2021-10,Crime,Unknown,3
2021-10,Dispatch,1D,2558
2021-10,Dispatch,2D,2396
2021-10,Dispatch,3D,3145
2021-10,Dispatch,4D,3147
2021-10,Dispatch,5D,2178
2021-10,Dispatch,6D,2757
2021-10,Match,1D,302
2021-10,Match,2D,348
2021-10,Match,3D,341
2021-10,Match,4D,265
2021-10,Match,5D,205
2021-10,Match,6D,230
2021-11,Crime,1D,31
2021-11,Crime,2D,16
2021-11,Crime,3D,52
2021-11,Crime,4D,26
2021-11,Crime,5D,15
2021-11,Crime,6D,33
2021-11,Crime,TPPD,37
2021-11,Dispatch,1D,2301
2021-11,Dispatch,2D,2212
2021-11,Dispatch,3D,2793
2021-11,Dispatch,4D,2775
2021-11,Dispatch,5D,1908
2021-11,Dispatch,6D,2449
2021-11,Match,1D,288
2021-11,Match,2D,262
2021-11,Match,3D,319
2021-11,Match,4D,226
2021-11,Match,5D,132
2021-11,Match,6D,182
2021-11,Match,Unknown,1
2021-12,Crime,1D,26
2021-12,Crime,2D,19
2021-12,Crime,3D,59
2021-12,Crime,4D,20
2021-12,Crime,5D,23
2021-12,Crime,6D,29
2021-12,Crime,TPPD,33
2021-12,Crime,Unknown,1
2021-12,Dispatch,1D,2284
2021-12,Dispatch,2D,2186
2021-12,Dispatch,3D,2789
2021-12,Dispatch,4D,2692
2021-12,Dispatch,5D,1918
2021-12,Dispatch,6D,2342
2021-12,Match,1D,250
2021-12,Match,2D,328
2021-12,Match,3D,277
2021-12,Match,4D,324
2021-12,Match,5D,136
2021-12,Match,6D,214
2022-01,Crime,1D,27
2022-01,Crime,2D,28
2022-01,Crime,3D,43
2022-01,Crime,4D,29
2022-01,Crime,5D,23
2022-01,Crime,6D,32
2022-01,Crime,TPPD,41
2022-01,Crime,Unknown,1
2022-01,Dispatch,1D,2088
2022-01,Dispatch,2D,1962
2022-01,Dispatch,3D,2632
2022-01,Dispatch,4D,2671
2022-01,Dispatch,5D,1659
2022-01,Dispatch,6D,2142
2022-01,Dispatch,OOC,2
2022-01,Dispatch,PCW,1
2022-01,Match,1D,264
2022-01,Match,2D,301
2022-01,Match,3D,225
2022-01,Match,4D,289
2022-01,Match,5D,127
2022-01,Match,6D,202
2022-01,Match,Unknown,5
2022-02,Crime,1D,33
2022-02,Crime,2D,18
2022-02,Crime,3D,50
2022-02,Crime,4D,24
2022-02,Crime,5D,22
2022-02,Crime,6D,25
2022-02,Crime,TPPD,63
2022-02,Dispatch,1D,2032
2022-02,Dispatch,2D,1935
2022-02,Dispatch,3D,2604
2022-02,Dispatch,4D,2536
2022-02,Dispatch,5D,1664
2022-02,Dispatch,6D,2208
2022-02,Match,1D,252
2022-02,Match,2D,290
2022-02,Match,3D,241
2022-02,Match,4D,274
2022-02,Match,5D,125
2022-02,Match,6D,181
2022-02,Match,Unknown,2
2022-03,Crime,1D,49
2022-03,Crime,2D,19
2022-03,Crime,3D,57
2022-03,Crime,4D,38
2022-03,Crime,5D,34
2022-03,Crime,6D,28
2022-03,Crime,TPPD,48
2022-03,Dispatch,1D,2293
2022-03,Dispatch,2D,2253
2022-03,Dispatch,3D,2751
2022-03,Dispatch,4D,2878
2022-03,Dispatch,5D,1778
2022-03,Dispatch,6D,2320
2022-03,Match,1D,329
2022-03,Match,2D,318
2022-03,Match,3D,286
2022-03,Match,4D,253
2022-03,Match,5D,154
2022-03,Match,6D,201
2022-03,Match,TPPD,1
2022-03,Match,Unknown,1
2022-04,Crime,1D,33
2022-04,Crime,2D,21
2022-04,Crime,3D,40
2022-04,Crime,4D,42
2022-04,Crime,5D,20
2022-04,Crime,6D,28
2022-04,Crime,TPPD,58
2022-04,Crime,Unknown,1
2022-04,Dispatch,1D,2370
2022-04,Dispatch,2D,2301
2022-04,Dispatch,3D,2802
2022-04,Dispatch,4D,2600
2022-04,Dispatch,5D,1902
2022-04,Dispatch,6D,2380
2022-04,Dispatch,OOC,1
2022-04,Match,1D,259
2022-04,Match,2D,298
2022-04,Match,3D,252
2022-04,Match,4D,206
2022-04,Match,5D,164
2022-04,Match,6D,196
2022-04,Match,Unknown,2
2022-05,Crime,1D,25
2022-05,Crime,2D,27
2022-05,Crime,3D,55
2022-05,Crime,4D,32
2022-05,Crime,5D,35
2022-05,Crime,6D,33
2022-05,Crime,TPPD,65
2022-05,Crime,Unknown,4
2022-05,Dispatch,1D,2546
2022-05,Dispatch,2D,2430
2022-05,Dispatch,3D,2964
2022-05,Dispatch,4D,3107
2022-05,Dispatch,5D,2091
2022-05,Dispatch,6D,2599
2022-05,Match,1D,270
2022-05,Match,2D,295
2022-05,Match,3D,323
2022-05,Match,4D,237
2022-05,Match,5D,176
2022-05,Match,6D,181
2022-05,Match,Unknown,56
2022-06,Crime,1D,26
2022-06,Crime,2D,18
2022-06,Crime,3D,60
2022-06,Crime,4D,18
2022-06,Crime,5D,26
2022-06,Crime,6D,33
2022-06,Crime,TPPD,61
2022-06,Dispatch,1D,2499
2022-06,Dispatch,2D,2430
2022-06,Dispatch,3D,3076
2022-06,Dispatch,4D,2938
2022-06,Dispatch,5D,2042
2022-06,Dispatch,6D,2645
2022-06,Dispatch,OOC,1
2022-06,Dispatch,PCW,1
2022-06,Match,1D,289
2022-06,Match,2D,285
2022-06,Match,3D,270
2022-06,Match,4D,239
2022-06,Match,5D,147
2022-06,Match,6D,209
2022-07,Crime,1D,28
2022-07,Crime,2D,14
2022-07,Crime,3D,47
2022-07,Crime,4D,40
2022-07,Crime,5D,15
2022-07,Crime,6D,35
2022-07,Crime,TPPD,55
2022-07,Crime,Unknown,2
2022-07,Dispatch,1D,2562
2022-07,Dispatch,2D,2271
2022-07,Dispatch,3D,3035
2022-07,Dispatch,4D,2806
2022-07,Dispatch,5D,1995
2022-07,Dispatch,6D,2677
2022-07,Match,1D,301
2022-07,Match,2D,278
2022-07,Match,3D,309
2022-07,Match,4D,251
2022-07,Match,5D,152
2022-07,Match,6D,242
2022-07,Match,Unknown,1
2022-08,Crime,1D,27
2022-08,Crime,2D,26
2022-08,Crime,3D,69
2022-08,Crime,4D,21
2022-08,Crime,5D,28
2022-08,Crime,6D,24
2022-08,Crime,TPPD,74
2022-08,Dispatch,1D,2547
2022-08,Dispatch,2D,2301
2022-08,Dispatch,3D,2753
2022-08,Dispatch,4D,2864
2022-08,Dispatch,5D,1935
2022-08,Dispatch,6D,2623
2022-08,Match,1D,328
2022-08,Match,2D,293
2022-08,Match,3D,283
2022-08,Match,4D,314
2022-08,Match,5D,154
2022-08,Match,6D,215
2022-08,Match,Unknown,3
2022-09,Crime,1D,29
2022-09,Crime,2D,21
2022-09,Crime,3D,49
2022-09,Crime,4D,34
2022-09,Crime,5D,26
2022-09,Crime,6D,22
2022-09,Crime,TPPD,68
2022-09,Dispatch,1D,2385
2022-09,Dispatch,2D,2125
2022-09,Dispatch,3D,2927
2022-09,Dispatch,4D,2752
2022-09,Dispatch,5D,1875
2022-09,Dispatch,6D,2465
2022-09,Match,1D,314
2022-09,Match,2D,253
2022-09,Match,3D,382
2022-09,Match,4D,286
2022-09,Match,5D,182
2022-09,Match,6D,240
2022-09,Match,Unknown,1
2022-10,Crime,1D,29
2022-10,Crime,2D,26
2022-10,Crime,3D,46
2022-10,Crime,4D,26
2022-10,Crime,5D,43
2022-10,Crime,6D,29
2022-10,Crime,TPPD,47
2022-10,Crime,Unknown,1
2022-10,Dispatch,1D,2374
2022-10,Dispatch,2D,2264
2022-10,Dispatch,3D,2907
2022-10,Dispatch,4D,2964
2022-10,Dispatch,5D,2051
2022-10,Dispatch,6D,2640
2022-10,Dispatch,OOC,1
2022-10,Match,1D,329
2022-10,Match,2D,334
2022-10,Match,3D,317
2022-10,Match,4D,276
2022-10,Match,5D,159
2022-10,Match,6D,232
2022-10,Match,Unknown,2
2022-11,Crime,1D,40
2022-11,Crime,2D,25
2022-11,Crime,3D,53
2022-11,Crime,4D,33
2022-11,Crime,5D,37
2022-11,Crime,6D,30
2022-11,Crime,TPPD,51
2022-11,Dispatch,1D,2395
2022-11,Dispatch,2D,2137
2022-11,Dispatch,3D,2930
2022-11,Dispatch,4D,2659
2022-11,Dispatch,5D,1857
2022-11,Dispatch,6D,2581
2022-11,Dispatch,OOC,3
2022-11,Match,1D,319
2022-11,Match,2D,278
2022-11,Match,3D,309
2022-11,Match,4D,270
2022-11,Match,5D,180
2022-11,Match,6D,198
2022-12,Crime,1D,34
2022-12,Crime,2D,26
2022-12,Crime,3D,47
2022-12,Crime,4D,28
2022-12,Crime,5D,46
2022-12,Crime,6D,23
2022-12,Crime,TPPD,60
2022-12,Crime,Unknown,2
2022-12,Dispatch,1D,2317
2022-12,Dispatch,2D,2237
2022-12,Dispatch,3D,2926
2022-12,Dispatch,4D,2704
2022-12,Dispatch,5D,1868
2022-12,Dispatch,6D,2536
2022-12,Match,1D,351
2022-12,Match,2D,304
2022-12,Match,3D,321
2022-12,Match,4D,296
2022-12,Match,5D,155
2022-12,Match,6D,206
2022-12,Match,TPPD,1
2022-12,Match,Unknown,2
2023-01,Crime,1D,33
2023-01,Crime,2D,38
2023-01,Crime,3D,50
2023-01,Crime,4D,32
2023-01,Crime,5D,43
2023-01,Crime,6D,22
2023-01,Crime,TPPD,69
2023-01,Crime,Unknown,1
2023-01,Dispatch,1D,2228
2023-01,Dispatch,2D,2123
2023-01,Dispatch,3D,2818
2023-01,Dispatch,4D,2695
2023-01,Dispatch,5D,1810
2023-01,Dispatch,6D,2474
2023-01,Dispatch,OOC,1
2023-01,Match,1D,353
2023-01,Match,2D,309
2023-01,Match,3D,284
2023-01,Match,4D,277
2023-01,Match,5D,145
2023-01,Match,6D,208
2023-01,Match,Unknown,2
2023-02,Crime,1D,29
2023-02,Crime,2D,25
2023-02,Crime,3D,40
2023-02,Crime,4D,60
2023-02,Crime,5D,41
2023-02,Crime,6D,27
2023-02,Crime,TPPD,69
2023-02,Dispatch,1D,2160
2023-02,Dispatch,2D,2047
2023-02,Dispatch,3D,2790
2023-02,Dispatch,4D,2548
2023-02,Dispatch,5D,1604
2023-02,Dispatch,6D,2361
2023-02,Dispatch,OOC,1
2023-02,Match,1D,307
2023-02,Match,2D,259
2023-02,Match,3D,280
2023-02,Match,4D,286
2023-02,Match,5D,125
2023-02,Match,6D,196
2023-02,Match,Unknown,2
2023-03,Crime,1D,28
2023-03,Crime,2D,25
2023-03,Crime,3D,60
2023-03,Crime,4D,49
2023-03,Crime,5D,45
2023-03,Crime,6D,25
2023-03,Crime,TPPD,97
2023-03,Dispatch,1D,2358
2023-03,Dispatch,2D,2266
2023-03,Dispatch,3D,3200
2023-03,Dispatch,4D,3014
2023-03,Dispatch,5D,1890
2023-03,Dispatch,6D,2703
2023-03,Dispatch,OOC,1
2023-03,Match,1D,316
2023-03,Match,2D,239
2023-03,Match,3D,289
2023-03,Match,4D,367
2023-03,Match,5D,155
2023-03,Match,6D,193
2023-03,Match,Unknown,1
2023-04,Crime,1D,39
2023-04,Crime,2D,19
2023-04,Crime,3D,47
2023-04,Crime,4D,51
2023-04,Crime,5D,38
2023-04,Crime,6D,21
2023-04,Crime,TPPD,85
2023-04,Crime,Unknown,1
2023-04,Dispatch,1D,2497
2023-04,Dispatch,2D,2298
2023-04,Dispatch,3D,3062
2023-04,Dispatch,4D,2905
2023-04,Dispatch,5D,1860
2023-04,Dispatch,6D,2539
2023-04,Dispatch,OOC,1
2023-04,Match,1D,286
2023-04,Match,2D,308
2023-04,Match,3D,350
2023-04,Match,4D,296
2023-04,Match,5D,129
2023-04,Match,6D,169
2023-05,Crime,1D,30
2023-05,Crime,2D,30
2023-05,Crime,3D,36
2023-05,Crime,4D,34
2023-05,Crime,5D,33
2023-05,Crime,6D,23
2023-05,Crime,TPPD,55
2023-05,Crime,Unknown,1
2023-05,Dispatch,1D,2592
2023-05,Dispatch,2D,2360
2023-05,Dispatch,3D,3265
2023-05,Dispatch,4D,3075
2023-05,Dispatch,5D,1942
2023-05,Dispatch,6D,2797
2023-05,Dispatch,OOC,1
2023-05,Match,1D,324
2023-05,Match,2D,320
2023-05,Match,3D,325
2023-05,Match,4D,300
2023-05,Match,5D,182
2023-05,Match,6D,232
2023-05,Match,Unknown,4
2023-06,Crime,1D,25
2023-06,Crime,2D,24
2023-06,Crime,3D,30
2023-06,Crime,4D,23
2023-06,Crime,5D,18
2023-06,Crime,6D,25
2023-06,Crime,TPPD,72
2023-06,Crime,Unknown,1
2023-06,Dispatch,1D,2559
2023-06,Dispatch,2D,2475
2023-06,Dispatch,3D,3129
2023-06,Dispatch,4D,3153
2023-06,Dispatch,5D,1971
2023-06,Dispatch,6D,2876
2023-06,Match,1D,313
2023-06,Match,2D,317
2023-06,Match,3D,285
2023-06,Match,4D,204
2023-06,Match,5D,157
2023-06,Match,6D,219
2023-06,Match,Unknown,1
2023-07,Crime,1D,27
2023-07,Crime,2D,23
2023-07,Crime,3D,38
2023-07,Crime,4D,29
2023-07,Crime,5D,21
2023-07,Crime,6D,25
2023-07,Crime,TPPD,57
2023-07,Dispatch,1D,2703
2023-07,Dispatch,2D,2448
2023-07,Dispatch,3D,3308
2023-07,Dispatch,4D,3384
2023-07,Dispatch,5D,1942
2023-07,Dispatch,6D,2927
2023-07,Dispatch,OOC,2
2023-07,Match,1D,247
2023-07,Match,2D,249
2023-07,Match,3D,331
2023-07,Match,4D,273
2023-07,Match,5D,130
2023-07,Match,6D,208
2023-07,Match,TPPD,1
2023-07,Match,Unknown,1
2023-08,Crime,1D,14
2023-08,Crime,2D,16
2023-08,Crime,3D,35
2023-08,Crime,4D,24
2023-08,Crime,5D,21
2023-08,Crime,6D,21
2023-08,Crime,TPPD,74
2023-08,Crime,Unknown,2
2023-08,Dispatch,1D,2690
2023-08,Dispatch,2D,2457
2023-08,Dispatch,3D,3352
2023-08,Dispatch,4D,3136
2023-08,Dispatch,5D,1872
2023-08,Dispatch,6D,2928
2023-08,Dispatch,OOC,2
2023-08,Match,1D,279
2023-08,Match,2D,242
2023-08,Match,3D,289
2023-08,Match,4D,263
2023-08,Match,5D,143
2023-08,Match,6D,240
2023-08,Match,Unknown,3
2023-09,Crime,1D,23
2023-09,Crime,2D,12
2023-09,Crime,3D,40
2023-09,Crime,4D,23
2023-09,Crime,5D,22
2023-09,Crime,6D,20
2023-09,Crime,TPPD,59
2023-09,Crime,Unknown,11
2023-09,Dispatch,1D,2712
2023-09,Dispatch,2D,2461
2023-09,Dispatch,3D,3239
2023-09,Dispatch,4D,3221
2023-09,Dispatch,5D,1954
2023-09,Dispatch,6D,2833
2023-09,Match,1D,238
2023-09,Match,2D,221
2023-09,Match,3D,299
2023-09,Match,4D,249
2023-09,Match,5D,125
2023-09,Match,6D,205
2023-09,Match,Unknown,66
2023-10,Crime,1D,17
2023-10,Crime,2D,18
2023-10,Crime,3D,31
2023-10,Crime,4D,48
2023-10,Crime,5D,30
2023-10,Crime,6D,28
2023-10,Crime,TPPD,54
2023-10,Dispatch,1D,2588
2023-10,Dispatch,2D,2460
2023-10,Dispatch,3D,3608
2023-10,Dispatch,4D,3309
2023-10,Dispatch,5D,2017
2023-10,Dispatch,6D,2989
2023-10,Dispatch,OOC,1
2023-10,Match,1D,201
2023-10,Match,2D,238
2023-10,Match,3D,317
2023-10,Match,4D,244
2023-10,Match,5D,189
2023-10,Match,6D,287
2023-10,Match,Unknown,7
2023-11,Crime,1D,17
2023-11,Crime,2D,24
2023-11,Crime,3D,41
2023-11,Crime,4D,41
2023-11,Crime,5D,24
2023-11,Crime,6D,32
2023-11,Crime,TPPD,65
2023-11,Dispatch,1D,2470
2023-11,Dispatch,2D,2275
2023-11,Dispatch,3D,3287
2023-11,Dispatch,4D,2971
2023-11,Dispatch,5D,1903
2023-11,Dispatch,6D,2787
2023-11,Match,1D,239
2023-11,Match,2D,225
2023-11,Match,3D,318
2023-11,Match,4D,356
2023-11,Match,5D,151
2023-11,Match,6D,238
2023-11,Match,Unknown,2
2023-12,Crime,1D,10
2023-12,Crime,2D,17
2023-12,Crime,3D,37
2023-12,Crime,4D,19
2023-12,Crime,5D,34
2023-12,Crime,6D,28
2023-12,Crime,TPPD,35
2023-12,Crime,Unknown,1
2023-12,Dispatch,1D,2438
2023-12,Dispatch,2D,2347
2023-12,Dispatch,3D,3338
2023-12,Dispatch,4D,3191
2023-12,Dispatch,5D,1945
2023-12,Dispatch,6D,2795
2023-12,Match,1D,209
2023-12,Match,2D,226
2023-12,Match,3D,309
2023-12,Match,4D,298
2023-12,Match,5D,148
2023-12,Match,6D,187
2023-12,Match,TPPD,1
2023-12,Match,Unknown,3
2024-01,Crime,1D,17
2024-01,Crime,2D,10
2024-01,Crime,3D,41
2024-01,Crime,4D,27
2024-01,Crime,5D,24
2024-01,Crime,6D,24
2024-01,Crime,TPPD,75
2024-01,Crime,Unknown,1
2024-01,Dispatch,1D,2536
2024-01,Dispatch,2D,2286
2024-01,Dispatch,3D,3138
2024-01,Dispatch,4D,3016
2024-01,Dispatch,5D,1830
2024-01,Dispatch,6D,2580
2024-01,Match,1D,207
2024-01,Match,2D,172
2024-01,Match,3D,276
2024-01,Match,4D,327
2024-01,Match,5D,132
2024-01,Match,6D,168
2024-01,Match,Unknown,3
2024-02,Crime,1D,24
2024-02,Crime,2D,12
2024-02,Crime,3D,38
2024-02,Crime,4D,34
2024-02,Crime,5D,33
2024-02,Crime,6D,20
2024-02,Crime,TPPD,101
2024-02,Crime,Unknown,3
2024-02,Dispatch,1D,2313
2024-02,Dispatch,2D,2112
2024-02,Dispatch,3D,2965
2024-02,Dispatch,4D,2893
2024-02,Dispatch,5D,1799
2024-02,Dispatch,6D,2446
2024-02,Dispatch,OOC,1
2024-02,Match,1D,225
2024-02,Match,2D,184
2024-02,Match,3D,247
2024-02,Match,4D,352
2024-02,Match,5D,101
2024-02,Match,6D,150
2024-02,Match,Unknown,5
2024-03,Crime,1D,30
2024-03,Crime,2D,26
2024-03,Crime,3D,29
2024-03,Crime,4D,41
2024-03,Crime,5D,25
2024-03,Crime,6D,30
2024-03,Crime,TPPD,88
2024-03,Dispatch,1D,2617
2024-03,Dispatch,2D,2358
2024-03,Dispatch,3D,3120
2024-03,Dispatch,4D,3045
2024-03,Dispatch,5D,1929
2024-03,Dispatch,6D,2595
2024-03,Match,1D,327
2024-03,Match,2D,237
2024-03,Match,3D,235
2024-03,Match,4D,296
2024-03,Match,5D,136
2024-03,Match,6D,124
2024-03,Match,Unknown,4
2024-04,Crime,1D,25
2024-04,Crime,2D,28
2024-04,Crime,3D,29
2024-04,Crime,4D,27
2024-04,Crime,5D,12
2024-04,Crime,6D,34
2024-04,Crime,TPPD,46
2024-04,Dispatch,1D,2548
2024-04,Dispatch,2D,2133
2024-04,Dispatch,3D,3197
2024-04,Dispatch,4D,3096
2024-04,Dispatch,5D,1914
2024-04,Dispatch,6D,2655
2024-04,Dispatch,OOC,1
2024-04,Match,1D,363
2024-04,Match,2D,205
2024-04,Match,3D,248
2024-04,Match,4D,234
2024-04,Match,5D,165
2024-04,Match,6D,144
2024-04,Match,Unknown,4
2024-05,Crime,1D,26
2024-05,Crime,2D,18
2024-05,Crime,3D,23
2024-05,Crime,4D,36
2024-05,Crime,5D,21
2024-05,Crime,6D,28
2024-05,Crime,TPPD,71
2024-05,Dispatch,1D,2838
2024-05,Dispatch,2D,2436
2024-05,Dispatch,3D,3686
2024-05,Dispatch,4D,3256
2024-05,Dispatch,5D,2102
2024-05,Dispatch,6D,2915
2024-05,Match,1D,337
2024-05,Match,2D,257
2024-05,Match,3D,303
2024-05,Match,4D,260
2024-05,Match,5D,175
2024-05,Match,6D,176
2024-05,Match,Unknown,2
2024-06,Crime,1D,37
2024-06,Crime,2D,27
2024-06,Crime,3D,33
2024-06,Crime,4D,26
2024-06,Crime,5D,19
2024-06,Crime,6D,18
2024-06,Crime,TPPD,47
2024-06,Crime,Unknown,6
2024-06,Dispatch,1D,2622
2024-06,Dispatch,2D,2470
2024-06,Dispatch,3D,3338
2024-06,Dispatch,4D,3154
2024-06,Dispatch,5D,2067
2024-06,Dispatch,6D,2749
2024-06,Match,1D,270
2024-06,Match,2D,258
2024-06,Match,3D,323
2024-06,Match,4D,247
2024-06,Match,5D,145
2024-06,Match,6D,173
2024-06,Match,TPPD,2
2024-06,Match,Unknown,4
2024-07,Crime,1D,25
2024-07,Crime,2D,17
2024-07,Crime,3D,43
2024-07,Crime,4D,26
2024-07,Crime,5D,15
2024-07,Crime,6D,27
2024-07,Crime,TPPD,52
2024-07,Crime,Unknown,5
2024-07,Dispatch,1D,2494
2024-07,Dispatch,2D,2387
2024-07,Dispatch,3D,3429
2024-07,Dispatch,4D,3224
2024-07,Dispatch,5D,1928
2024-07,Dispatch,6D,2704
2024-07,Match,1D,330
2024-07,Match,2D,246
2024-07,Match,3D,293
2024-07,Match,4D,292
2024-07,Match,5D,111
2024-07,Match,6D,227
2024-07,Match,Unknown,10
2024-08,Crime,1D,37
2024-08,Crime,2D,19
2024-08,Crime,3D,34
2024-08,Crime,4D,38
2024-08,Crime,5D,29
2024-08,Crime,6D,25
2024-08,Crime,TPPD,57
2024-08,Crime,Unknown,3
2024-08,Dispatch,1D,2564
2024-08,Dispatch,2D,2387
2024-08,Dispatch,3D,3392
2024-08,Dispatch,4D,3248
2024-08,Dispatch,5D,1959
2024-08,Dispatch,6D,2625
2024-08,Dispatch,OOC,1
2024-08,Match,1D,311
2024-08,Match,2D,211
2024-08,Match,3D,272
2024-08,Match,4D,281
2024-08,Match,5D,109
2024-08,Match,6D,212
2024-08,Match,Unknown,9
2024-09,Crime,1D,30
2024-09,Crime,2D,31
2024-09,Crime,3D,38
2024-09,Crime,4D,50
2024-09,Crime,5D,22
2024-09,Crime,6D,32
2024-09,Crime,TPPD,53
2024-09,Crime,Unknown,1
2024-09,Dispatch,1D,2628
2024-09,Dispatch,2D,2326
2024-09,Dispatch,3D,3399
2024-09,Dispatch,4D,3193
2024-09,Dispatch,5D,1972
2024-09,Dispatch,6D,2745
2024-09,Dispatch,OOC,1
2024-09,Dispatch,PCW,1
2024-09,Match,1D,318
2024-09,Match,2D,261
2024-09,Match,3D,257
2024-09,Match,4D,284
2024-09,Match,5D,111
2024-09,Match,6D,202
2024-09,Match,Unknown,7
2024-10,Crime,1D,52
2024-10,Crime,2D,48
2024-10,Crime,3D,55
2024-10,Crime,4D,60
2024-10,Crime,5D,42
2024-10,Crime,6D,30
2024-10,Crime,TPPD,78
2024-10,Crime,Unknown,1
2024-10,Dispatch,1D,2687
2024-10,Dispatch,2D,2469
2024-10,Dispatch,3D,3763
2024-10,Dispatch,4D,3213
2024-10,Dispatch,5D,1987
2024-10,Dispatch,6D,2747
2024-10,Dispatch,OOC,1
2024-10,Match,1D,287
2024-10,Match,2D,248
2024-10,Match,3D,313
2024-10,Match,4D,320
2024-10,Match,5D,111
2024-10,Match,6D,196
2024-10,Match,Unknown,5
2024-11,Crime,1D,2
2024-11,Crime,2D,1
2024-11,Crime,3D,1
2024-11,Crime,TPPD,3
